<?xml version="1.0" encoding="UTF-8" ?>
<!DOCTYPE mapper
PUBLIC "-//mybatis.org//DTD Mapper 3.0//EN"
"http://mybatis.org/dtd/mybatis-3-mapper.dtd">
<mapper namespace="user">

	<!-- id:sql id:语句的唯一标识
		 parameterType：入参的数据类型
		 resultType：返回结果的数据类型
		 #{}:占位符，相当于JDBC里的   ？
	 -->
	<select id="getUserById" parameterType="int" resultType="top.miaodou.mybatis.pojo.User">
		SELECT * from `user` WHERE id = #{id2}
	</select>
	
	<!-- resultType：如果返回结果为集合，只需为每一个的数据类型
		${}:字符串拼接指令，如果入参为普通数据类型{}内部只能写value
	 -->
	<select id="getUserByUserName" parameterType="string" resultType="top.miaodou.mybatis.pojo.User">
		SELECT * from `user` WHERE username like '%${value}%'
	</select>
	<!-- 插入用户 -->
	<!-- useGeneratedKeys:使用自增   keyProperty与之配套使用，这里是user的主键 -->
	<insert id="insertUser" parameterType="top.miaodou.mybatis.pojo.User" useGeneratedKeys="true" keyProperty="id">
	<!-- 
	selectKey:主键返回
	keyProperty：user中的属性
	resultType：主键数据类型
	order：指定selectKey何时执行
	 -->
<!-- 	<selectKey keyProperty="id" resultType="int" order="AFTER">
		select last_Insert_id();
	</selectKey> -->
	
	INSERT INTO USER
		            (`username`,
		             `birthday`,
		             `sex`,
		             `address`)
		VALUES (#{username},
		        #{birthday},
		        #{sex},
		        #{address});
	</insert>

	


</mapper>

