<?xml version="1.0" encoding="UTF-8"?>
<beans xmlns="http://www.springframework.org/schema/beans"
	xmlns:xsi="http://www.w3.org/2001/XMLSchema-instance"
	xmlns:context="http://www.springframework.org/schema/context"
	xmlns:aop="http://www.springframework.org/schema/aop"
	xmlns:tx="http://www.springframework.org/schema/tx"
	xsi:schemaLocation="http://www.springframework.org/schema/beans 
	http://www.springframework.org/schema/beans/spring-beans.xsd
	http://www.springframework.org/schema/context
	http://www.springframework.org/schema/context/spring-context.xsd
	http://www.springframework.org/schema/aop
	http://www.springframework.org/schema/aop/spring-aop.xsd
	http://www.springframework.org/schema/tx 
	http://www.springframework.org/schema/tx/spring-tx.xsd">
	
	
	<!-- 配置spring的内置的连接池========= -->
<!-- 	<bean id="dataSource" class="org.springframework.jdbc.datasource.DriverManagerDataSource">
		属性注入
		<property name="driverClassName" value="com.mysql.jdbc.Driver"/>
		<property name="url" value="jdbc:mysql:///spring4_day03"/>
		<property name="username" value="root"/>
		<property name="password" value="000000"/>
	</bean> -->
	
	<!-- 配置DBCP连接池 -->
<!-- 	<bean id="dataSource" class="org.apache.commons.dbcp.BasicDataSource">
		<property name="driverClassName" value="com.mysql.jdbc.Driver"/>
		<property name="url" value="jdbc:mysql:///spring4_day03"/>
		<property name="username" value="root"/>
		<property name="password" value="000000"/>
	</bean> -->
	
	<!-- 引入属性文件========= -->
	<!-- 第一种方式通过一个bean标签引入（很少） -->
	<bean class="org.springframework.beans.factory.config.PropertyPlaceholderConfigurer">
		<property name="location" value="classpath:jdbc.properties"/>
	</bean>
	
	<!-- 第二种方式通过context标签引入的 -->
	<context:property-placeholder location="classpath:jdbc.properties"/>
	
	
	<!-- 配置C3P0 -->
	<bean id="dataSource" class="com.mchange.v2.c3p0.ComboPooledDataSource">
		<property name="driverClass" value="${jdbc.driverClass}"/>
		<property name="jdbcUrl" value="${jdbc.url}"/>
		<property name="user" value="${jdbc.username}"/>
		<property name="password" value="${jdbc.password}"/>
	</bean>

	<!-- 配置Spring的JDBC的模板========== -->
	<bean id="jdbcTemplate" class="org.springframework.jdbc.core.JdbcTemplate">
		<property name="dataSource" ref="dataSource"/>
	</bean>
	
	
	
	
	
	
	
	
	
	
</beans>
