<?xml version="1.0" encoding="UTF-8"?>
<beans xmlns="http://www.springframework.org/schema/beans"
	xmlns:xsi="http://www.w3.org/2001/XMLSchema-instance"
	xmlns:context="http://www.springframework.org/schema/context"
	xmlns:aop="http://www.springframework.org/schema/aop"
	xmlns:tx="http://www.springframework.org/schema/tx"
	xsi:schemaLocation="http://www.springframework.org/schema/beans 
	http://www.springframework.org/schema/beans/spring-beans.xsd
	http://www.springframework.org/schema/context
	http://www.springframework.org/schema/context/spring-context.xsd
	http://www.springframework.org/schema/aop
	http://www.springframework.org/schema/aop/spring-aop.xsd
	http://www.springframework.org/schema/tx 
	http://www.springframework.org/schema/tx/spring-tx.xsd">
	
	<!-- 配置Service -->
	<bean id="accountService" class="top.miaodou.tx.demo2.AccountServiceimpl">
		<property name="accountDao" ref="accountDao"/>
		
	</bean>
	
	<!-- 配置DAO====== -->
	<bean id="accountDao" class="top.miaodou.tx.demo2.AccountDaoImpl">
		<property name="dataSource" ref="dataSource"/>
	</bean>
	
	<!-- 配置连接池和JDBC的模板 -->
	<!-- 通过context标签引入的 -->
	<context:property-placeholder location="classpath:jdbc.properties"/>
	
	<!-- 配置C3P0 -->
	<bean id="dataSource" class="com.mchange.v2.c3p0.ComboPooledDataSource">
		<property name="driverClass" value="${jdbc.driverClass}"/>
		<property name="jdbcUrl" value="${jdbc.url}"/>
		<property name="user" value="${jdbc.username}"/>
		<property name="password" value="${jdbc.password}"/>
	</bean>
	
	<!-- 配置事务管理器====== -->
	<bean id="transactionManager" class="org.springframework.jdbc.datasource.DataSourceTransactionManager">
		<property name="dataSource" ref="dataSource"/>	
	</bean>
	
	<!-- 配置事务的增强== -->
	<tx:advice id="txAdvice" transaction-manager="transactionManager">
		<tx:attributes>
			<tx:method name="transfer" propagation="REQUIRED"/>
		</tx:attributes>
	</tx:advice>
	
	<!-- aop的配置 -->
	<aop:config>
		<aop:pointcut expression="execution(* top.miaodou.tx.demo2.AccountServiceimpl.*(..))" id="pointcut1"/>
		<aop:advisor advice-ref="txAdvice" pointcut-ref="pointcut1"/>
	</aop:config>
	
</beans>
