<?xml version="1.0" encoding="UTF-8" ?>
<!DOCTYPE struts PUBLIC
	"-//Apache Software Foundation//DTD Struts Configuration 2.3//EN"
	"http://struts.apache.org/dtds/struts-2.3.dtd">
<struts>

	<!-- 开启动态方法访问  -->
	<constant name="struts.enable.DynamicMethodInvocation" value="true"></constant>
	

	<!-- Struts2为了管理Action的配置，通过包进行管理 -->
	<!-- 配置Struts2的包======= -->
	<package name="demo3" extends="struts-default" namespace="/">
		<!-- 配置Action========== -->
		<action name="userFind" class="top.miaodou.Demo03.UserAction" method="find"></action>
		<action name="userUpdate" class="top.miaodou.Demo03.UserAction" method="update"></action>
		<action name="userDelete" class="top.miaodou.Demo03.UserAction" method="delete"></action>
		<action name="userSave" class="top.miaodou.Demo03.UserAction" method="save"></action>
		
		<!-- 通配符的方式 -->
		<action name="product_*" class="top.miaodou.Demo03.ProductAction" method="{1}"></action>	
	
		<!-- 动态方法访问的方式 -->
		<action name="customer" class="top.miaodou.Demo03.CustomerAction" method=""></action>
		
	</package>
	
	
	
	
	
	
	
	
	
	
	<!-- 配置Struts2的常量
	<constant name="struts.action.extension" value="action"/>

	<include file="com/itheima/struts/demo1/struts_demo1.xml"/>	
	<include file="com/itheima/struts/demo2/struts_demo2.xml"/>	
	<include file="com/itheima/struts/demo3/struts_demo3.xml"/>	
 -->
</struts>
