<?xml version="1.0" encoding="UTF-8"?>
<beans xmlns="http://www.springframework.org/schema/beans"
	xmlns:p="http://www.springframework.org/schema/p"
    xmlns:xsi="http://www.w3.org/2001/XMLSchema-instance"
    xsi:schemaLocation="
        http://www.springframework.org/schema/beans 
        http://www.springframework.org/schema/beans/spring-beans.xsd">

	<!-- Spring的入门配置 
	<bean id="userService" class="top.miaodou.Demo1.UserServiceImpl">
		<property name="name" value="李四"/>
	</bean>
	
	<bean id="customerDAO" class="top.miaodou.demo2.CustomerDAOImpl" init-method="setup" destroy-method="destroy"/>
-->
	<bean id="" class="top.miaodou.demo3.Car"/>
	<!-- 构造函数的方式，要用constructor-arg -->
	<bean id="car" class="top.miaodou.demo3.Car">
		<constructor-arg name="name" value="保时捷"/>
		<constructor-arg name="car" value="1000000"/>
	</bean>
	<!-- set方法的方式
	<bean id="car2" class="top.miaodou.demo3.Car2">
		<property name="name" value="战马李修好"/>
		<property name="car" value="10010000"/>
	</bean>
	，-->
	
	<!-- 改名p名称空间的方式 
	<bean id="car2" class="top.miaodou.demo3.Car2" p:name="奇瑞QQ" p:car="100000"/>
	-->
	
	<!-- set方法注入对象类型的属性 
	<bean id="employee" class="top.miaodou.demo3.Employee">
		<property name="name" value="二狗子"/>
		<property name="car2" ref="car2"/>
	</bean>
	
	<bean id="employee" class="top.miaodou.demo3.Employee" p:name="二狗" p:car2-ref="car2"/>
-->

<!-- SpEL的属性注入 -->
<bean id="carInfo" class="top.miaodou.demo3.CarInfo"/>

	<import resource="applicationContext2.xml"/>


</beans>

