<?xml version="1.0" encoding="UTF-8"?>
<beans xmlns="http://www.springframework.org/schema/beans"
	xmlns:p="http://www.springframework.org/schema/p"
    xmlns:xsi="http://www.w3.org/2001/XMLSchema-instance"
    xsi:schemaLocation="
        http://www.springframework.org/schema/beans 
        http://www.springframework.org/schema/beans/spring-beans.xsd">


	
	<!-- Spring的集合属性的注入 -->
	<!-- 注入数组类型 -->
	<bean id="collectionBean" class="top.miaodou.demo4.CollectionBean">
		<property name="arrs">
			<list>
				<value>李修好</value>
				<value>脚踏船</value>
				<value>好几条</value>
				<value>不要脸</value>
			</list>
		</property>
	
	
	
		<!-- 注入list集合 -->
		<property name="list">
			<list>
				<value>张三</value>
				<value>李四</value>
				<value>王五</value>
				<value>赵六</value>
			</list>
		</property>
		
		
		<!-- 注入set集合 -->
		<property name="set">
			<set>
				<value>张三</value>
				<value>李四</value>
				<value>王五</value>
				<value>赵六</value>
			</set>
		</property>
		
		<!-- 注入list集合 -->
		<property name="map">
			<map>
				<entry key="aaa" value="张三"/>
				<entry key="bbb" value="李四"/>
				<entry key="ccc" value="王五"/>
				<entry key="ddd" value="赵六"/>
			</map>
		</property>
	</bean>	
</beans>

