<?xml version="1.0" encoding="UTF-8" ?>
<!DOCTYPE struts PUBLIC
	"-//Apache Software Foundation//DTD Struts Configuration 2.3//EN"
	"http://struts.apache.org/dtds/struts-2.3.dtd">
<struts>
	<!-- 开启静态方法访问 -->
	<constant name="struts.ognl.allowStaticMethodAccess" value="true"/>
	<package name="demo1" extends="struts-default" namespace="/">
		<!-- 定义拦截器================= -->
		<interceptors>
		
			<interceptor name="interceptorDemo1" class="top.miaodou.web.interceptor.InterceptorDemo1"/>
			<interceptor name="interceptorDemo2" class="top.miaodou.web.interceptor.InterceptorDemo2"/>
			
			<!-- 定义拦截器栈 -->
			<interceptor-stack name="myStack">
				<interceptor-ref name="defaultStack"/>
				<interceptor-ref name="interceptorDemo1"/>
				<interceptor-ref name="interceptorDemo2"/>
			</interceptor-stack>			
		</interceptors>
		
		
		<action name="actionDemo1" class="top.miaodou.web.action.ActionDemo1">
			<result >/demo1/demo1.jsp</result>
			
			<!-- 引用拦截器栈 -->
				<interceptor-ref name="myStack"/>
					
			<!-- 引用拦截器(一旦引入自定义拦截器，默认拦截栈的拦截器就不执行了)======== 		
			<interceptor-ref name="defaultStack"/>
			<interceptor-ref name="interceptorDemo1"/>
			<interceptor-ref name="interceptorDemo2"/>
			-->	
		</action>
			<action name="login1" class="top.miaodou.Demo.LoginAction">
				<result name="input">/demo2/demo2.jsp</result>
			</action>
			<action name="login2" class="top.miaodou.Demo.LoginAction2">
				<result name="input">/demo2/demo3.jsp</result>
			</action>
		
	</package>
	
</struts>
