<?xml version="1.0" encoding="UTF-8" ?>
<!DOCTYPE struts PUBLIC
	"-//Apache Software Foundation//DTD Struts Configuration 2.3//EN"
	"http://struts.apache.org/dtds/struts-2.3.dtd">
<struts>
	<!-- 配置Struts2中所上传的文件的总大小 -->
	<constant name="struts.multipart.maxSize" value="5242880"/>
	
	<!--  配置ACtion -->
		<package name="crm" extends="struts-default" namespace="/">
	
			<action name="user_*" class="userAction" method="{1}">
					<result name="login">/login.jsp</result>
					<result name="success" type="redirect">/index.jsp</result>
			</action>
			<!-- 配置客户管理的Action -->
			<action name="customer_*" class="customerAction" method="{1}">
				<result name="saveUI">/jsp/customer/add.jsp</result>
				<result name="findAll">/jsp/customer/list.jsp</result>
				<result name="editSuccess">/jsp/customer/edit.jsp</result>
				<result name="updateSuccess" type="redirectAction">customer_findAll.action</result>
				<result name="saveSuccess" type="redirectAction">customer_findAll.action</result>
				<result name="deleteSuccess" type="redirectAction">customer_findAll.action</result>
				<result name="input">/jsp/customer/add.jsp</result>
				
			<interceptor-ref name="defaultStack">
				<!-- 上传图片单个大小 -->
				<param name="fileUpload.maximumSize">2097152</param>
				<!-- 设置文件上传后缀名格式，允许多个的只需要后面，号隔开 -->
				<param name="fileUpload.allowedExtensions">.jpg</param>
			</interceptor-ref>
			
			</action>
			
			<!-- 配置字典查询的Action -->
			<action name="baseDict_*" class="baseDictAction" method="{1}">
			
			</action>
			
			<!-- 配置联系人的Action -->
			<action name="linkMan_*" class="linkManAction" method="{1}">
				<result name="findAll">/jsp/linkman/list.jsp</result>
				<result name="saveUI">/jsp/linkman/add.jsp</result>
				<result name="saveSuccess" type="redirectAction">linkMan_findAll.action</result>
				<result name="editSuccess">/jsp/linkman/edit.jsp</result>
				<result name="updateSuccess" type="redirectAction">linkMan_findAll.action</result>
				<result name="deleteSuccess" type="redirectAction">linkMan_findAll.action</result>
			</action>
		</package>
		
</struts>
