<?xml version="1.0" encoding="UTF-8"?>
<beans xmlns="http://www.springframework.org/schema/beans"
	xmlns:xsi="http://www.w3.org/2001/XMLSchema-instance"
	xmlns:context="http://www.springframework.org/schema/context"
	xmlns:aop="http://www.springframework.org/schema/aop"
	xmlns:tx="http://www.springframework.org/schema/tx"
	xsi:schemaLocation="http://www.springframework.org/schema/beans 
	http://www.springframework.org/schema/beans/spring-beans.xsd
	http://www.springframework.org/schema/context
	http://www.springframework.org/schema/context/spring-context.xsd
	http://www.springframework.org/schema/aop
	http://www.springframework.org/schema/aop/spring-aop.xsd
	http://www.springframework.org/schema/tx 
	http://www.springframework.org/schema/tx/spring-tx.xsd">
	
	<!-- Spring整合hibernate -->
	<!-- 引入Hibernate的配置信息 -->
	<bean id="sessionFactory" class="org.springframework.orm.hibernate5.LocalSessionFactoryBean">
		<!-- 引入HIbernate的配置文件 -->
		<property name="configLocation" value="classpath:hibernate.cfg.xml"/>
	</bean>
	
	<!-- 配置Action -->
	<bean id="customerAction" class="top.miaodou.ssh.web.action.CustomerAction" scope="prototype">
		<property name="customerService" ref="customerService"/>
	</bean>
	
	<!-- 配置Service== -->
	<bean id="customerService" class="top.miaodou.ssh.service.impl.CustomerServiceImpl">
		<property name="customerDao" ref="customerDao"/>
	</bean>
	
	<!-- 配置DAO==== -->
	<bean id="customerDao" class="top.miaodou.ssh.dao.lmpl.CustomerDaoImpl">
		<property name="sessionFactory" ref="sessionFactory"/>
	</bean>
	
	
	<!-- 配置事务管理器 -->
	<bean id="transactionManager" class="org.springframework.orm.hibernate5.HibernateTransactionManager">
		<property name="sessionFactory" ref="sessionFactory"/>
	</bean>
	
	<!-- 开启注解事务 -->
	<tx:annotation-driven transaction-manager="transactionManager"/>
</beans>
