<?xml version="1.0" encoding="UTF-8" ?>
<!DOCTYPE struts PUBLIC
	"-//Apache Software Foundation//DTD Struts Configuration 2.3//EN"
	"http://struts.apache.org/dtds/struts-2.3.dtd">
<struts>
	
	<!--  配置ACtion -->
		<package name="crm" extends="struts-default" namespace="/">
			<!-- <default-action-ref name="userlogin"></default-action-ref>
			<action name="userlogin">
				<result>/login.jsp</result>
			</action> -->
			<action name="user_*" class="userAction" method="{1}">
					<result name="login">/login.jsp</result>
					<result name="success" type="redirect">/index.jsp</result>
			</action>
		</package>
		
</struts>
