<?xml version="1.0" encoding="UTF-8"?>
<beans xmlns="http://www.springframework.org/schema/beans"
	xmlns:xsi="http://www.w3.org/2001/XMLSchema-instance" xmlns:aop="http://www.springframework.org/schema/aop"
	xsi:schemaLocation="
        http://www.springframework.org/schema/beans 
        http://www.springframework.org/schema/beans/spring-beans.xsd
        http://www.springframework.org/schema/aop 
        http://www.springframework.org/schema/aop/spring-aop.xsd">




	<!-- 配置目标对象：被增强的对象 -->
	<bean id="productDao" class="top.miaodou.demo3.ProductDaoImpl" />
	<!-- 将切面类交给Spring管理 -->
	<bean id="myAspect" class="top.miaodou.demo3.MyAspectXML" />
	<!-- 通过AOP的配置进行实现 -->
	<aop:config>

		<!-- 表达式配置那些类的哪些方法需要进行增强 -->
		<aop:pointcut expression="execution(* top.miaodou.demo3.ProductDaoImpl.*(..))" id="pointcut1" />
		<!--<aop:pointcut expression="execution(* top.miaodou.demo3.ProductDaoImpl.delete(..))" id="pointcut2" />
		<aop:pointcut expression="execution(* top.miaodou.demo3.ProductDaoImpl.update(..))" id="pointcut3" />
		<aop:pointcut expression="execution(* top.miaodou.demo3.ProductDaoImpl.find(..))" id="pointcut4" />
-->
		<!-- 配置切面 -->
		<aop:aspect ref="myAspect">
			<!-- 前置通知 -->
			<aop:before method="checkPri" pointcut-ref="pointcut1" />
			<!-- 后置通知 -->
			<aop:after-returning method="writeLog" 
			pointcut-ref="pointcut1" returning="result"/>
			<!-- 环绕通知====== -->
			<aop:around method="around" pointcut-ref="pointcut1"/>
			<!-- 异常抛出通知 -->
			<aop:after-throwing method="afterThrowing" pointcut-ref="pointcut1" throwing="es"/>
			<!-- 最终通知===== -->
			<aop:after method="after" pointcut-ref="pointcut1"/>
			
		</aop:aspect>

	</aop:config>


</beans>