<?xml version="1.0" encoding="UTF-8"?>
<!DOCTYPE hibernate-mapping PUBLIC 
    "-//Hibernate/Hibernate Mapping DTD 3.0//EN"
    "http://www.hibernate.org/dtd/hibernate-mapping-3.0.dtd">
<hibernate-mapping>
	<!-- 建立类与表的映射 -->
	<class name="top.miaodou.domain.Customer" batch-size="3" table="cst_customer" lazy="true">
		<!-- 建立类中的属性与表中的主键对应 -->
		<id name="cust_id" column="cust_id" >
			<generator class="native"/>
		</id>
		
		<!-- 建立类中的普通的属性和表的字段的对应 -->
		<property name="cust_name"/>
		<property name="cust_source"/>
		<property name="cust_industry"/>
		<property name="cust_level"/>
		<property name="cust_phone"/>
		<property name="cust_mobile"/>
		
		<!-- 配置一对多的映射：放置的多的一方的集合 -->
		<!-- 
			set标签：
				name	：多的一方的对象集合的属性名称
				cascade	:级联
				inverse	:放弃维护权
		 -->
		 <set name="linkMans" batch-size="4">
		 <!-- key标签	
		 		column	：多的一方的外键名称：
		  -->
		 <key column="lkm_cust_id"/>
		 
		 <!-- one-to-many标签
		 		class	:多的一方的全路径
		  -->
		 <one-to-many class="top.miaodou.domain.LinkMan"/>
		 </set>
		 
	</class>
</hibernate-mapping>