<?xml version="1.0" encoding="UTF-8"?>
<!DOCTYPE hibernate-mapping PUBLIC 
    "-//Hibernate/Hibernate Mapping DTD 3.0//EN"
    "http://www.hibernate.org/dtd/hibernate-mapping-3.0.dtd">
<hibernate-mapping>
	<!-- 建立类与表的映射 -->
	<class name="top.miaodou.domain.LinkMan" table="cst_linkman">
		<!-- 建立类中的属性与表中的主键对应 -->
		<id name="lkm_id" column="lkm_id" >
			<generator class="native"/>
		</id>
		
		<!-- 建立类中的普通的属性和表的字段的对应 -->
		<property name="lkm_name"/>
		<property name="lkm_gender"/>
		<property name="lkm_phone"/>
		<property name="lkm_mobile"/>
		<property name="lkm_email"/>
		<property name="lkm_qq"/>
		<property name="lkm_position"/>
		<property name="lkm_memo"/>
		
		<!-- 
			many-to-one的标签
				name	:主键的对象的属性名称
				class	:主键的类的全路径，
				column	:在多的一方的表的外键的名称。
				cascade	:级联
				inverse	:放弃维护权
		 -->
		<many-to-one name="Customer" fetch="join" lazy="false" class="top.miaodou.domain.Customer" column="lkm_cust_id"/>	
	
	</class>
</hibernate-mapping>