<?xml version="1.0" encoding="UTF-8"?>
<!DOCTYPE hibernate-configuration PUBLIC
	"-//Hibernate/Hibernate Configuration DTD 3.0//EN"
	"http://www.hibernate.org/dtd/hibernate-configuration-3.0.dtd">
<hibernate-configuration>
	<session-factory>
		<!-- 连接数据库的基本参数 -->
		<property name="hibernate.connection.driver_class">com.mysql.jdbc.Driver</property>
		<property name="hibernate.connection.url">jdbc:mysql:///hibernate</property>
		<property name="hibernate.connection.username">root</property>
		<property name="hibernate.connection.password">000000</property>
		<!-- 配置hibernate方言 -->
		<property name="hibernate.dialect">org.hibernate.dialect.MySQLDialect</property>

		<!-- 可选择的配置===================== -->
		<!-- 打印出SQL -->
		<property name="hibernate.show_sql">true</property>

		<!-- 格式化SQL -->
		<property name="hibernate.format_sql">true</property>
		
		<property name="hibernate.hbm2ddl.auto">true</property>




		<mapping resource="top/miaodou/Customer/Customer.hbm.xml" />

	</session-factory>
</hibernate-configuration>