<?xml version="1.0" encoding="UTF-8"?>
<!DOCTYPE hibernate-mapping PUBLIC 
    "-//Hibernate/Hibernate Mapping DTD 3.0//EN"
    "http://www.hibernate.org/dtd/hibernate-mapping-3.0.dtd">
<hibernate-mapping>
	<!-- 建立类与表的映射 -->
	<class name="top.miaodou.crm.domain.BaseDict" table="base_dict">
		<!-- 建立类中的属性与表中的主键对应 -->
		<id name="dict_id" column="dict_id" >
			<!-- 主键生成的策略 -->
			<generator class="uuid"/>
		</id>
		<property name="dict_type_code" column="dict_type_code" />
		<property name="dict_type_name" column="dict_type_name"/>
		<property name="dict_item_name" column="dict_item_name"/>
		<property name="dict_item_code" column="dict_item_code"/>
		<property name="dict_sort" column="dict_sort"/>
		<property name="dict_enable" column="dict_enable"/>
		<property name="dict_memo" column="dict_memo"/>
		<!-- 字典和客户是一对多的关系，如果查询字典数据的时候，不需要查询客户的数据，所以在字典端可以不用配置客户的相关内容 -->
	</class>
</hibernate-mapping>