<?xml version="1.0" encoding="UTF-8"?>
<!DOCTYPE hibernate-mapping PUBLIC 
    "-//Hibernate/Hibernate Mapping DTD 3.0//EN"
    "http://www.hibernate.org/dtd/hibernate-mapping-3.0.dtd">
<hibernate-mapping>
	<class name="top.miaodou.crm.domain.LinkMan" table="cst_linkman">
		<id name="lkm_id" column="lkm_id">
			<generator class="native"/>	
		</id>
		<property name="lkm_name"/>
		<property name="lkm_gender"/>
		<property name="lkm_phone"/>
		<property name="lkm_mobile"/>
		<property name="lkm_email"/>
		<property name="lkm_qq"/>
		<property name="lkm_position"/>
		<property name="lkm_memo"/>	
		
		<!-- 配置对象的映射，多对一 -->
		<many-to-one name="customer" class="top.miaodou.crm.domain.Customer" column="lkm_cust_id"/>
	</class>
</hibernate-mapping>