<?xml version="1.0" encoding="UTF-8"?>
<!DOCTYPE hibernate-mapping PUBLIC 
    "-//Hibernate/Hibernate Mapping DTD 3.0//EN"
    "http://www.hibernate.org/dtd/hibernate-mapping-3.0.dtd">
<hibernate-mapping>
	<class name="top.miaodou.crm.domain.SaleVisit" table="sale_visit">
		<id name="visit_id" column="visit_id">
			<generator class="uuid"/>	
		</id>
		<property name="visit_time"/>
		<property name="visit_addr"/>
		<property name="visit_detail"/>
		<property name="visit_nexttime"/>

		<!-- 配置与客户的映射，多对一 -->
		<many-to-one name="customer" class="top.miaodou.crm.domain.Customer" column="visit_cust_id"/>
		<!-- 配置与用户的映射，多对一 -->
		<many-to-one name="user" class="top.miaodou.crm.domain.User" column="visit_user_id"/>

	</class>
</hibernate-mapping>