<?xml version="1.0" encoding="UTF-8" ?>
<!DOCTYPE struts PUBLIC
	"-//Apache Software Foundation//DTD Struts Configuration 2.3//EN"
	"http://struts.apache.org/dtds/struts-2.3.dtd">
<struts>
		<package name="crm" extends="struts-default" namespace="/">
		<!-- 定义拦截器 -->
			<interceptors>
				<interceptor name="privilegeIntercepot" class="top.miaodou.web.interceptor.PrivilegeInterceptor"/>
			</interceptors>
		<!-- 全局结果页面 ,这个一定要在拦截器的下面-->
		<global-results>
			<result name="login">/login.jsp</result>
		</global-results>
		
		<action name="customer_*" class="top.miaodou.web.action.CustomerAction" method="{1}">
			<result name="findSuccess">/jsp/customer/list.jsp</result>
			<result name="saveUI">/jsp/customer/add.jsp</result>
			<result name="saveSuccess" type="redirectAction">
				customer_find.action
			</result>
			<!-- 引入拦截器 -->
			<interceptor-ref name="privilegeIntercepot"/>
			<interceptor-ref name="defaultStack"/>
		</action>
		<action name="user_*" class="top.miaodou.web.action.UserAction" method="{1}">
			<result name="success" type="redirect">/index.jsp</result>
			<!-- 引入拦截器 -->
			<interceptor-ref name="privilegeIntercepot">
				<!-- 这个方法不拦截 -->
				<param name="excludeMethods">login</param>
			</interceptor-ref>
			<interceptor-ref name="defaultStack"/>
		</action>
	</package>



















	<!-- 不在一个名称空间下的解决办法 -->
	<!--  
	<package name="crm" extends="struts-default" namespace="/">
		<action name="customer_*" class="top.miaodou.web.action.CustomerAction" method="{1}">
			<result name="findSuccess">/jsp/customer/list.jsp</result>
			<result name="saveUI">/jsp/customer/add.jsp</result>
			<result name="saveSuccess" type="redirectAction">
				<param name="namespace">/xxx</param>
				<param name="actionName">LinkMan_xxx.action</param>
			</result>
			
		</action>
	</package>
	
	<package name="crm" extends="struts-default" namespace="/xxxx">
		<action name="customer_*" class="top.miaodou.web.action.CustomerAction" method="{1}">
			<result name="findSuccess">/jsp/customer/list.jsp</result>
			<result name="saveUI">/jsp/customer/add.jsp</result>
			<result name="saveSuccess" type="redirectAction">
				<param name="namespace"></param>
			</result>
			
		</action>
	</package>
	
	-->
</struts>
