<?xml version="1.0" encoding="UTF-8"?>
<beans xmlns="http://www.springframework.org/schema/beans"
	xmlns:xsi="http://www.w3.org/2001/XMLSchema-instance"
	xmlns:context="http://www.springframework.org/schema/context"
	xmlns:aop="http://www.springframework.org/schema/aop"
	xmlns:tx="http://www.springframework.org/schema/tx"
	xsi:schemaLocation="http://www.springframework.org/schema/beans 
	http://www.springframework.org/schema/beans/spring-beans.xsd
	http://www.springframework.org/schema/context
	http://www.springframework.org/schema/context/spring-context.xsd
	http://www.springframework.org/schema/aop
	http://www.springframework.org/schema/aop/spring-aop.xsd
	http://www.springframework.org/schema/tx 
	http://www.springframework.org/schema/tx/spring-tx.xsd">
	
	<!-- 开启属性注入的注解 -->
	<context:annotation-config/>
	
	<!-- 引入外部属性文件 -->
	<context:property-placeholder location="classpath:jdbc.properties"/>
	
	<!-- 配置C3P0 -->
	<bean id="dataSource" class="com.mchange.v2.c3p0.ComboPooledDataSource">
		<property name="driverClass" value="${jdbc.driverClass}"/>
		<property name="jdbcUrl" value="${jdbc.url}"/>
		<property name="user" value="${jdbc.username}"/>
		<property name="password" value="${jdbc.password}"/>
	</bean>
	
	<!-- Spring整合hibernate -->
	<!-- 引入Hibernate的配置信息 -->
	<bean id="sessionFactory" class="org.springframework.orm.hibernate5.LocalSessionFactoryBean">
		<!-- 注入连接池 -->
		<property name="dataSource" ref="dataSource"/>
		<!-- 配置Hibernate的相关属性 -->
		<property name="hibernateProperties">
			<props>
				<!-- 配置Hibernate的方言 -->
				<prop key="hibernate.dialect">org.hibernate.dialect.MySQLDialect</prop>			
				<!-- 可选配置================ -->
				<!-- 打印SQL -->
				<prop key="hibernate.show_sql">true</prop>
				<!-- 格式化SQL -->
				<prop key="hibernate.format_sql">true</prop>
				<!-- 自动创建表 -->
				<prop key="hibernate.hbm2ddl.auto">update</prop>
			</props>
		</property>
		<!-- 引入映射文件 -->
		<property name="mappingResources">
			<list>
				<value>top/miaodou/crm/domain/User.hbm.xml</value>
				<value>top/miaodou/crm/domain/Customer.hbm.xml</value>
				<value>top/miaodou/crm/domain/BaseDict.hbm.xml</value>
				<value>top/miaodou/crm/domain/LinkMan.hbm.xml</value>
				<value>top/miaodou/crm/domain/SaleVisit.hbm.xml</value>
			</list>
		</property>
	</bean>
	
	<!-- 配置UserAction -->
	<bean id="userAction" class="top.miaodou.crm.web.action.UserAction">
		<property name="userService" ref="userService"/>
	</bean>
	
	<!-- 配置Service -->
	<bean id="userService" class="top.miaodou.crm.service.impl.UserServiceImpl">
		<property name="userDao" ref="userDao"/>
	</bean>
	
	<!-- 配置Dao -->
	<bean id="userDao" class="top.miaodou.crm.dao.impl.UserDaoImpl">
		<property name="sessionFactory" ref="sessionFactory"/>
	</bean>
	
	
	<!-- 配置CustomerAction -->
	<bean id="customerAction" class="top.miaodou.crm.web.action.CustomerAction" scope="prototype">
		<property name="customerService" ref="customerService"/>
	</bean>
	
	<!-- 配置Service -->
	<bean id="customerService" class="top.miaodou.crm.service.impl.CustomerServiceImpl">
		<property name="customerDao" ref="customerDao"/>
	</bean>
	
	<!-- 配置Dao -->
	<bean id="customerDao" class="top.miaodou.crm.dao.impl.CustomerDaoImpl">
		<property name="sessionFactory" ref="sessionFactory"/>
	</bean>
	
	
	<!-- 配置字典管理的相关类 -->
	<!-- 配置BaseDictAction -->
	<bean id="baseDictAction" class="top.miaodou.crm.web.action.BaseDictAction" scope="prototype">
		<property name="baseDictService" ref="baseDictService"/>
	</bean>
	
	<!-- 配置Service -->
	<bean id="baseDictService" class="top.miaodou.crm.service.impl.BaseDictServiceImpl">
		<property name="baseDictDao" ref="baseDictDao"/>
	</bean>
	
	<!-- 配置Dao -->
	<bean id="baseDictDao" class="top.miaodou.crm.dao.impl.BaseDictDaoImpl">
		<property name="sessionFactory" ref="sessionFactory"/>
	</bean>

	<!-- 配置联系人的相关类 -->
	<!-- 配置LinkManAction -->
	<bean id="linkManAction" class="top.miaodou.crm.web.action.LinkManAction" scope="prototype">
		<property name="linkManService" ref="linkManService"/>
		<property name="customerService" ref="customerService"/>
	</bean>
	
	<!-- 配置Service -->
	<bean id="linkManService" class="top.miaodou.crm.service.impl.LinkManServiceImpl">
		<property name="linkManDao" ref="linkManDao"/>
	</bean>
	
	<!-- 配置Dao -->
	<bean id="linkManDao" class="top.miaodou.crm.dao.impl.LinkManDaoImpl">
		<property name="sessionFactory" ref="sessionFactory"/>
	</bean>

	<!-- 配置拜访记录的相关类 ：注解的方式-->
	<!-- 配置SaleVisitAction -->
	<bean id="saleVisitAction" class="top.miaodou.crm.web.action.SaleVisitAction" scope="prototype">
		<!-- <property name="saleVisitService" ref="saleVisitService"/> -->
	</bean>
	
	<!-- 配置Service -->
	<bean id="saleVisitService" class="top.miaodou.crm.service.impl.SaleVisitServiceImpl">
		<!-- <property name="saleVisitDao" ref="saleVisitDao"/> -->
	</bean>
	
	<!-- 配置Dao -->
	<bean id="saleVisitDao" class="top.miaodou.crm.dao.impl.SaleVisitDaoImpl">
		<property name="sessionFactory" ref="sessionFactory"/>
	</bean>


	<!-- 配置事务管理器 -->
	<bean id="transactionManager" class="org.springframework.orm.hibernate5.HibernateTransactionManager">
		<property name="sessionFactory" ref="sessionFactory"/>
	</bean>
	
	<!-- 开启注解事务 -->
	<tx:annotation-driven transaction-manager="transactionManager"/>
</beans>
