<beans xmlns="http://www.springframework.org/schema/beans"
	xmlns:xsi="http://www.w3.org/2001/XMLSchema-instance" xmlns:p="http://www.springframework.org/schema/p"
	xmlns:context="http://www.springframework.org/schema/context"
	xmlns:dubbo="http://code.alibabatech.com/schema/dubbo" xmlns:mvc="http://www.springframework.org/schema/mvc"
	xsi:schemaLocation="http://www.springframework.org/schema/beans http://www.springframework.org/schema/beans/spring-beans-4.0.xsd
        http://www.springframework.org/schema/mvc http://www.springframework.org/schema/mvc/spring-mvc-4.0.xsd
        http://code.alibabatech.com/schema/dubbo http://code.alibabatech.com/schema/dubbo/dubbo.xsd
        http://www.springframework.org/schema/context http://www.springframework.org/schema/context/spring-context-4.0.xsd">
   
	<!-- @controller注解扫描 -->
        <context:component-scan base-package="top.miaodou.controller"></context:component-scan>

	<!-- 注解驱动
		替我们显示的配置了最新版的注解的处理器映射器和处理器适配器
	 -->
		<mvc:annotation-driven conversion-service="conversionService"></mvc:annotation-driven>

	<!-- 配置视图解析器
		作用：在controller中指定页面路径的时候就不用写页面的完整路径名称了，
		可以直接写页面去掉扩展名的名称
 	 	配置最新版的注解的处理器映射器 -->
        <bean class="org.springframework.web.servlet.mvc.method.annotation.RequestMappingHandlerMapping"></bean>
        <!-- 配置最新版的注解的处理器适配器 -->
        <bean class="org.springframework.web.servlet.mvc.method.annotation.RequestMappingHandlerAdapter"></bean>
		

	
		<!-- 配置视图解析器 
		作用:在controller中指定页面路径的时候就不用写页面的完整路径名称了,可以直接写页面去掉扩展名的名称
		-->
	<bean class="org.springframework.web.servlet.view.InternalResourceViewResolver">
		<!-- 真正的页面路径 =  前缀 + 去掉后缀名的页面名称 + 后缀 -->
		<!-- 前缀 -->
		<property name="prefix" value="/WEB-INF/jsp/"></property>
		<!-- 后缀 -->
		<property name="suffix" value=".jsp"></property>
	</bean>

	<!-- 配置自定义转换器 
	注意：一定要将自定义的转换器配置到注解驱动上
	-->
	<bean id="conversionService"
		class="org.springframework.format.support.FormattingConversionServiceFactoryBean">
		<property name="converters">
			<set>
				<!-- 指定自定义转换器i的全部名称 -->
				<bean class="top.miaodou.controller.converter.CustomGlobalStrToDateConverter"/>
			</set>
		</property>
	</bean>
	
	
	
</beans>