<?xml version="1.0" encoding="UTF-8" ?>
<!DOCTYPE configuration
PUBLIC "-//mybatis.org//DTD Config 3.0//EN"
"http://mybatis.org/dtd/mybatis-3-config.dtd">

<configuration>
	<!-- 先加载内部标签，在加载外部文件，发现名称一致时会替换内容 -->
	<properties resource="jdbc.properties">
		<property name="jdbc.username" value="root"/>
		<property name="jdbc.password" value="root"/>
	</properties>
	
	<typeAliases>
		<!-- 单个别名定义，别名的使用，不区分大小写  推荐方式 -->
		<!-- <typeAlias type="top.miaodou.pojo.User" alias="user"/> -->
		<!-- 别名是类的全称不区分大小写 -->
		<package name="top.miaodou.pojo" />
			
	</typeAliases>



	<!-- 和spring整合后 environments配置将废除 -->
	<environments default="development">
		<environment id="development">
			<!-- 使用jdbc事务管理 -->
			<transactionManager type="JDBC" />
			<!-- 数据库连接池 -->
			<dataSource type="POOLED">
				<property name="driver" value="${jdbc.driver}" />
				<property name="url" value="${jdbc.url}" />
				<property name="username" value="${jdbc.username}" />
				<property name="password" value="${jdbc.password}" />
			</dataSource>
		</environment>
	</environments>
	
	<!-- 加载映射文件 -->
	<mappers>
		<mapper resource="mybatis/user.xml"/>
		<!-- <mapper resource="mybatis/userMapper.xml"/> -->
	
	
	<!-- 映射文件类扫描器 
		1.接口文件必须与映射文件同一目录下
		2.接口文件名称必须与映射文件的名称一致
	-->
	<!-- <mapper class="top.miaodou.mapper.UserMapper" /> -->
	
	<!-- 映射文件包扫描器 （推荐的方式）
		1.接口文件必须与映射文件同一目录下
		2.接口文件名称必须与映射文件的名称一致
	-->
	<package name="top.miaodou.mapper" />
	 </mappers>
</configuration>




