<?xml version="1.0" encoding="UTF-8" ?>
<!DOCTYPE struts PUBLIC
	"-//Apache Software Foundation//DTD Struts Configuration 2.3//EN"
	"http://struts.apache.org/dtds/struts-2.3.dtd">
<struts>
	<!-- Struts2为了管理Action的配置，通过包进行管理 -->
	<!-- 配置Struts2的包======= -->
	<package name="demo2" extends="struts-default" namespace="/">
		<!-- 配置Action========== -->
		<action name="actionDemo1" class="top.miaodou.Demo02.ActionDemo1"/>
		<action name="actionDemo2" class="top.miaodou.Demo02.ActionDemo2"/>
		<action name="actionDemo3" class="top.miaodou.Demo02.ActionDemo3"/>
		
	</package>
	
	
	
	
	
	
	
	
	
	
	<!-- 配置Struts2的常量
	<constant name="struts.action.extension" value="action"/>

	<include file="com/itheima/struts/demo1/struts_demo1.xml"/>	
	<include file="com/itheima/struts/demo2/struts_demo2.xml"/>	
	<include file="com/itheima/struts/demo3/struts_demo3.xml"/>	
 -->
</struts>
