<?xml version="1.0" encoding="UTF-8"?>
<!DOCTYPE hibernate-mapping PUBLIC 
    "-//Hibernate/Hibernate Mapping DTD 3.0//EN"
    "http://www.hibernate.org/dtd/hibernate-mapping-3.0.dtd">
<hibernate-mapping>
	<!-- 建立类与表的映射 -->
	<class name="top.miaodou.Customer.Customer" table="cst_customer">
		<!-- 建立类中的属性与表中的主键对应 -->
		<id name="cust_id" column="cust_id" >
			<generator class="native"/>
		</id>
		
		<!-- 建立类中的普通的属性和表的字段的对应 -->
		<property name="cust_name" column="cust_name" length="32" />
		<property name="cust_source" column="cust_source" length="32"/>
		<property name="cust_industry" column="cust_industry"/>
		<property name="cust_level" column="cust_level"/>
		<property name="cust_phone" column="cust_phone"/>
		<property name="cust_mobile" column="cust_mobile"/>
	</class>
</hibernate-mapping>