<?xml version="1.0" encoding="UTF-8"?>
<!DOCTYPE hibernate-mapping PUBLIC 
    "-//Hibernate/Hibernate Mapping DTD 3.0//EN"
    "http://www.hibernate.org/dtd/hibernate-mapping-3.0.dtd">
<hibernate-mapping>
	<!-- 建立类与表的映射 -->
	<class name="top.miaodou.ssh.domain.Customer" table="cst_customer">
		<!-- 建立类中的属性与表中的主键对应 -->
		<id name="cust_id" column="cust_id" >
			<!-- 主键生成的策略 -->
			<generator class="native"/>
		</id>
		
		<!-- 建立类中的普通的属性和表的字段的对应 -->
		<property name="cust_name"/>
		<property name="cust_source"/>
		<property name="cust_industry"/>
		<property name="cust_level"/>
		<property name="cust_phone"/>
		<property name="cust_mobile"/>
	 
	</class>
</hibernate-mapping>