<?xml version="1.0" encoding="UTF-8" ?>
<!DOCTYPE mapper
PUBLIC "-//mybatis.org//DTD Mapper 3.0//EN"
"http://mybatis.org/dtd/mybatis-3-mapper.dtd">
<mapper namespace="top.miaodou.crm.mapper.CustomerMapper">

 	<sql id="customer_where">
		<where>
			<if test="custName != null and custName != ''">
				and c.`cust_name` LIKE '%${custName}%'
			</if>
			<if test="custSource != null and custSource != ''">
				AND c.`cust_source` = #{custSource}
			</if>
			<if test="custIndustry != null and custIndustry != ''">
				AND c.`cust_industry` = #{custIndustry}
			</if>
			<if test="custLevel != null and custLevel != ''">
				AND c.`cust_level` = #{custLevel}
			</if>
		</where>
	</sql>

<select id="getCustomerByQueryVo" parameterType="string" 
resultType="top.miaodou.crm.pojo.Customer">	

		SELECT
		  c.`cust_id`,
		  c.`cust_name`,
		  c.`cust_user_id`,
		  c.`cust_create_id`,
		  s.`dict_item_name` `cust_source`,
		  i.`dict_item_name` `cust_industry`,
		  l.`dict_item_name` `cust_level`,
		  c.`cust_linkman`,
		  c.`cust_phone`,
		  c.`cust_mobile`,
		  c.`cust_zipcode`,
		  c.`cust_address`,
		  c.`cust_createtime`
		FROM `customer` c
		LEFT JOIN base_dict s ON c.`cust_source`= s.`dict_id`
		LEFT JOIN base_dict i ON c.`cust_industry` = i.`dict_id`
		LEFT JOIN base_dict l ON c.`cust_level` = l.`dict_id`
		<include refid="customer_where" />
		LIMIT #{start}, #{rows};		
	
</select>

	<select id="getCountByQueryVo" parameterType="queryvo" resultType="int">
		SELECT count(1)
		FROM `customer` c
		LEFT JOIN base_dict s ON c.`cust_source`= s.`dict_id`
		LEFT JOIN base_dict i ON c.`cust_industry` = i.`dict_id`
		LEFT JOIN base_dict l ON c.`cust_level` = l.`dict_id`
		<include refid="customer_where" />
	</select>
	
	<select id="getCustomerById" parameterType="int" resultType="customer" >
		SELECT
		  `cust_id`,
		  `cust_name`,
		  `cust_user_id`,
		  `cust_create_id`,
		  `cust_source`,
		  `cust_industry`,
		  `cust_level`,
		  `cust_linkman`,
		  `cust_phone`,
		  `cust_mobile`,
		  `cust_zipcode`,
		  `cust_address`,
		  `cust_createtime`
		FROM `customer`
		WHERE cust_id = #{id}
	</select>
	
	<update id="updateCustomer" parameterType="customer">
		UPDATE `customer`
		<set>
			<if test="cust_name != null">
				`cust_name` = #{cust_name},
			</if>
			<if test="cust_source != null and cust_source != ''">
				`cust_source` = #{cust_source},
			</if>
			<if test="cust_industry != null and cust_industry != ''">
				`cust_industry` = #{cust_industry},
			</if>
			<if test="cust_level != null and cust_level != ''">
				`cust_level` = #{cust_level},
			</if>
			<if test="cust_linkman != null and cust_linkman != ''">
				`cust_linkman` = #{cust_linkman},
			</if>
			<if test="cust_phone != null and cust_phone != ''">
				`cust_phone` = #{cust_phone},
			</if>
			<if test="cust_mobile != null and cust_mobile != ''">
				`cust_mobile` = #{cust_mobile},
			</if>
			<if test="cust_zipcode != null and cust_zipcode != ''">
				`cust_zipcode` = #{cust_zipcode},
			</if>
			<if test="cust_address != null and cust_address != ''">
				`cust_address` = #{cust_address},
			</if>
		</set>
		WHERE `cust_id` = #{cust_id};
	</update>
	
	<delete id="deleteCustomer" parameterType="int">
		DELETE
		FROM `customer`
		WHERE `cust_id` = #{cust_id};
	</delete>


</mapper>



